Commit made on Sun Jan 12 19:46:46 UTC 2025
Commit made on Sun Jan 12 20:14:23 UTC 2025
Commit made on Mon Jan 13 20:00:01 UTC 2025
Commit made on Tue Jan 14 20:00:12 UTC 2025
Commit made on Wed Jan 15 20:00:01 UTC 2025
Commit made on Thu Jan 16 20:00:23 UTC 2025
Commit made on Fri Jan 17 20:00:04 UTC 2025
Commit made on Sat Jan 18 20:00:13 UTC 2025
Commit made on Sun Jan 19 20:00:00 UTC 2025
Commit made on Mon Jan 20 20:00:06 UTC 2025
Commit made on Tue Jan 21 20:00:02 UTC 2025
Commit made on Wed Jan 22 20:00:09 UTC 2025
Commit made on Thu Jan 23 20:00:18 UTC 2025
Commit made on Fri Jan 24 20:00:03 UTC 2025
Commit made on Sat Jan 25 20:00:17 UTC 2025
Commit made on Sun Jan 26 20:00:06 UTC 2025
Commit made on Mon Jan 27 20:00:20 UTC 2025
Commit made on Tue Jan 28 20:00:08 UTC 2025
Commit made on Wed Jan 29 20:00:26 UTC 2025
Commit made on Thu Jan 30 20:00:02 UTC 2025
Commit made on Fri Jan 31 20:00:09 UTC 2025
Commit made on Sat Feb  1 20:00:05 UTC 2025
Commit made on Sun Feb  2 20:00:07 UTC 2025
Commit made on Mon Feb  3 20:00:07 UTC 2025
Commit made on Tue Feb  4 20:00:06 UTC 2025
Commit made on Wed Feb  5 20:00:14 UTC 2025
Commit made on Thu Feb  6 20:00:02 UTC 2025
Commit made on Fri Feb  7 20:00:06 UTC 2025
Commit made on Sat Feb  8 20:00:15 UTC 2025
Commit made on Sun Feb  9 20:00:01 UTC 2025
Commit made on Mon Feb 10 20:00:03 UTC 2025
Commit made on Tue Feb 11 20:00:20 UTC 2025
Commit made on Wed Feb 12 20:00:30 UTC 2025
Commit made on Thu Feb 13 20:00:11 UTC 2025
Commit made on Fri Feb 14 20:00:11 UTC 2025
Commit made on Sat Feb 15 20:00:18 UTC 2025
Commit made on Sun Feb 16 20:00:11 UTC 2025
Commit made on Mon Feb 17 20:00:14 UTC 2025
Commit made on Tue Feb 18 20:00:08 UTC 2025
Commit made on Wed Feb 19 20:00:05 UTC 2025
Commit made on Thu Feb 20 20:00:07 UTC 2025
Commit made on Fri Feb 21 20:00:09 UTC 2025
Commit made on Sat Feb 22 19:59:58 UTC 2025
Commit made on Sun Feb 23 20:00:12 UTC 2025
Commit made on Mon Feb 24 20:00:04 UTC 2025
Commit made on Tue Feb 25 20:00:08 UTC 2025
Commit made on Wed Feb 26 20:00:15 UTC 2025
Commit made on Thu Feb 27 20:00:08 UTC 2025
Commit made on Fri Feb 28 20:00:00 UTC 2025
Commit made on Sat Mar  1 20:00:18 UTC 2025
Commit made on Sun Mar  2 20:00:06 UTC 2025
Commit made on Mon Mar  3 20:00:16 UTC 2025
Commit made on Tue Mar  4 20:00:17 UTC 2025
Commit made on Wed Mar  5 20:00:04 UTC 2025
Commit made on Thu Mar  6 20:00:07 UTC 2025
Commit made on Fri Mar  7 20:00:14 UTC 2025
Commit made on Sat Mar  8 20:00:03 UTC 2025
Commit made on Sun Mar  9 20:00:07 UTC 2025
Commit made on Mon Mar 10 20:00:03 UTC 2025
Commit made on Tue Mar 11 20:00:15 UTC 2025
Commit made on Wed Mar 12 19:59:57 UTC 2025
Commit made on Thu Mar 13 20:00:10 UTC 2025
Commit made on Fri Mar 14 20:00:08 UTC 2025
Commit made on Sat Mar 15 20:00:07 UTC 2025
Commit made on Sun Mar 16 20:00:15 UTC 2025
Commit made on Mon Mar 17 20:00:07 UTC 2025
Commit made on Tue Mar 18 19:59:57 UTC 2025
Commit made on Wed Mar 19 20:00:13 UTC 2025
Commit made on Thu Mar 20 20:00:14 UTC 2025
Commit made on Fri Mar 21 20:00:01 UTC 2025
Commit made on Sat Mar 22 20:00:08 UTC 2025
Commit made on Sun Mar 23 20:00:06 UTC 2025
Commit made on Mon Mar 24 20:00:15 UTC 2025
Commit made on Tue Mar 25 20:00:11 UTC 2025
Commit made on Wed Mar 26 20:00:01 UTC 2025
Commit made on Thu Mar 27 20:00:17 UTC 2025
Commit made on Fri Mar 28 20:00:05 UTC 2025
Commit made on Sat Mar 29 20:00:08 UTC 2025
Commit made on Sun Mar 30 20:00:13 UTC 2025
Commit made on Mon Mar 31 20:00:16 UTC 2025
Commit made on Tue Apr  1 19:59:57 UTC 2025
Commit made on Wed Apr  2 20:00:09 UTC 2025
Commit made on Thu Apr  3 20:00:13 UTC 2025
Commit made on Fri Apr  4 20:00:05 UTC 2025
Commit made on Sat Apr  5 20:00:04 UTC 2025
Commit made on Sun Apr  6 20:00:18 UTC 2025
Commit made on Mon Apr  7 19:59:59 UTC 2025
Commit made on Tue Apr  8 20:00:04 UTC 2025
Commit made on Wed Apr  9 20:00:12 UTC 2025
Commit made on Thu Apr 10 20:00:09 UTC 2025
Commit made on Fri Apr 11 20:00:03 UTC 2025
Commit made on Sat Apr 12 20:00:12 UTC 2025
Commit made on Sun Apr 13 20:00:05 UTC 2025
Commit made on Mon Apr 14 20:00:09 UTC 2025
Commit made on Tue Apr 15 19:59:59 UTC 2025
Commit made on Wed Apr 16 19:59:59 UTC 2025
Commit made on Thu Apr 17 19:59:58 UTC 2025
Commit made on Fri Apr 18 20:00:16 UTC 2025
Commit made on Sat Apr 19 19:59:58 UTC 2025
Commit made on Sun Apr 20 20:00:11 UTC 2025
Commit made on Mon Apr 21 19:59:58 UTC 2025
Commit made on Tue Apr 22 19:59:59 UTC 2025
Commit made on Wed Apr 23 19:59:59 UTC 2025
Commit made on Thu Apr 24 20:00:03 UTC 2025
Commit made on Fri Apr 25 20:00:20 UTC 2025
Commit made on Sat Apr 26 20:00:07 UTC 2025
Commit made on Sun Apr 27 20:00:06 UTC 2025
Commit made on Mon Apr 28 19:59:57 UTC 2025
Commit made on Tue Apr 29 20:00:01 UTC 2025
Commit made on Wed Apr 30 20:00:14 UTC 2025
Commit made on Thu May  1 20:00:21 UTC 2025
Commit made on Fri May  2 20:00:18 UTC 2025
Commit made on Sat May  3 20:00:18 UTC 2025
Commit made on Sun May  4 20:00:00 UTC 2025
Commit made on Mon May  5 20:00:03 UTC 2025
Commit made on Tue May  6 20:00:00 UTC 2025
Commit made on Wed May  7 20:00:05 UTC 2025
Commit made on Thu May  8 20:00:16 UTC 2025
Commit made on Fri May  9 20:00:00 UTC 2025
Commit made on Sat May 10 20:00:15 UTC 2025
Commit made on Sun May 11 20:00:12 UTC 2025
Commit made on Mon May 12 20:00:07 UTC 2025
Commit made on Tue May 13 20:00:04 UTC 2025
Commit made on Wed May 14 20:00:22 UTC 2025
Commit made on Thu May 15 20:00:03 UTC 2025
Commit made on Fri May 16 19:59:59 UTC 2025
Commit made on Sat May 17 19:59:59 UTC 2025
Commit made on Sun May 18 19:59:59 UTC 2025
Commit made on Mon May 19 20:00:02 UTC 2025
Commit made on Tue May 20 20:00:16 UTC 2025
Commit made on Wed May 21 20:00:05 UTC 2025
Commit made on Thu May 22 20:00:14 UTC 2025
Commit made on Fri May 23 20:00:03 UTC 2025
Commit made on Sat May 24 19:59:58 UTC 2025
Commit made on Sun May 25 20:00:04 UTC 2025
Commit made on Mon May 26 20:00:02 UTC 2025
Commit made on Tue May 27 20:00:00 UTC 2025
Commit made on Wed May 28 20:00:05 UTC 2025
Commit made on Thu May 29 20:00:05 UTC 2025
Commit made on Fri May 30 19:59:59 UTC 2025
Commit made on Sat May 31 20:00:06 UTC 2025
Commit made on Sun Jun  1 19:59:59 UTC 2025
Commit made on Mon Jun  2 20:00:08 UTC 2025
Commit made on Tue Jun  3 19:59:59 UTC 2025
Commit made on Wed Jun  4 19:59:57 UTC 2025
Commit made on Thu Jun  5 20:00:00 UTC 2025
Commit made on Fri Jun  6 20:00:11 UTC 2025
Commit made on Sat Jun  7 20:00:11 UTC 2025
Commit made on Sun Jun  8 20:00:09 UTC 2025
Commit made on Mon Jun  9 19:59:58 UTC 2025
Commit made on Tue Jun 10 20:00:20 UTC 2025
Commit made on Wed Jun 11 20:00:12 UTC 2025
Commit made on Thu Jun 12 20:00:11 UTC 2025
Commit made on Fri Jun 13 20:00:16 UTC 2025
Commit made on Sat Jun 14 19:59:58 UTC 2025
Commit made on Sun Jun 15 19:59:58 UTC 2025
Commit made on Mon Jun 16 20:00:07 UTC 2025
Commit made on Tue Jun 17 20:09:22 UTC 2025
Commit made on Wed Jun 18 19:59:59 UTC 2025
Commit made on Thu Jun 19 19:59:57 UTC 2025
Commit made on Fri Jun 20 20:00:04 UTC 2025
Commit made on Sat Jun 21 20:00:00 UTC 2025
Commit made on Sun Jun 22 20:00:06 UTC 2025
Commit made on Mon Jun 23 20:00:00 UTC 2025
Commit made on Tue Jun 24 20:00:00 UTC 2025
Commit made on Wed Jun 25 20:00:03 UTC 2025
Commit made on Thu Jun 26 20:00:03 UTC 2025
Commit made on Fri Jun 27 20:00:01 UTC 2025
Commit made on Sat Jun 28 19:59:59 UTC 2025
Commit made on Sun Jun 29 20:00:00 UTC 2025
Commit made on Mon Jun 30 20:00:01 UTC 2025
Commit made on Tue Jul  1 20:00:09 UTC 2025
Commit made on Wed Jul  2 20:00:18 UTC 2025
Commit made on Thu Jul  3 20:00:16 UTC 2025
Commit made on Fri Jul  4 20:00:03 UTC 2025
Commit made on Sat Jul  5 19:59:58 UTC 2025
Commit made on Sun Jul  6 20:00:11 UTC 2025
Commit made on Mon Jul  7 20:00:19 UTC 2025
Commit made on Tue Jul  8 20:00:00 UTC 2025
Commit made on Wed Jul  9 20:00:07 UTC 2025
Commit made on Thu Jul 10 20:00:13 UTC 2025
Commit made on Fri Jul 11 20:00:13 UTC 2025
Commit made on Sat Jul 12 20:00:05 UTC 2025
Commit made on Sun Jul 13 20:00:05 UTC 2025
Commit made on Mon Jul 14 20:00:15 UTC 2025
Commit made on Tue Jul 15 20:00:03 UTC 2025
Commit made on Wed Jul 16 20:00:14 UTC 2025
Commit made on Thu Jul 17 20:00:00 UTC 2025
Commit made on Fri Jul 18 20:00:11 UTC 2025
Commit made on Sat Jul 19 19:59:57 UTC 2025
Commit made on Sun Jul 20 19:59:55 UTC 2025
Commit made on Mon Jul 21 19:59:59 UTC 2025
Commit made on Tue Jul 22 19:59:58 UTC 2025
Commit made on Wed Jul 23 19:59:58 UTC 2025
Commit made on Thu Jul 24 20:00:02 UTC 2025
Commit made on Fri Jul 25 20:00:15 UTC 2025
Commit made on Sat Jul 26 20:00:04 UTC 2025
Commit made on Sun Jul 27 20:00:14 UTC 2025
Commit made on Mon Jul 28 20:00:06 UTC 2025
Commit made on Tue Jul 29 20:00:02 UTC 2025
Commit made on Wed Jul 30 20:00:05 UTC 2025
Commit made on Thu Jul 31 20:00:10 UTC 2025
Commit made on Fri Aug  1 20:00:04 UTC 2025
Commit made on Sat Aug  2 20:00:08 UTC 2025
Commit made on Sun Aug  3 20:00:00 UTC 2025
Commit made on Mon Aug  4 20:00:06 UTC 2025
Commit made on Tue Aug  5 20:00:10 UTC 2025
Commit made on Wed Aug  6 20:00:06 UTC 2025
Commit made on Thu Aug  7 20:00:07 UTC 2025
Commit made on Fri Aug  8 20:00:08 UTC 2025
Commit made on Sat Aug  9 19:59:58 UTC 2025
Commit made on Sun Aug 10 20:00:09 UTC 2025
Commit made on Mon Aug 11 20:00:03 UTC 2025
Commit made on Tue Aug 12 19:59:59 UTC 2025
Commit made on Wed Aug 13 19:59:59 UTC 2025
Commit made on Thu Aug 14 19:59:59 UTC 2025
Commit made on Fri Aug 15 20:00:08 UTC 2025
Commit made on Sat Aug 16 20:00:12 UTC 2025
Commit made on Sun Aug 17 19:59:58 UTC 2025
Commit made on Mon Aug 18 20:00:10 UTC 2025
Commit made on Tue Aug 19 20:00:01 UTC 2025
Commit made on Wed Aug 20 20:00:12 UTC 2025
Commit made on Thu Aug 21 19:59:58 UTC 2025
Commit made on Fri Aug 22 20:00:00 UTC 2025
Commit made on Sat Aug 23 20:00:01 UTC 2025
Commit made on Sun Aug 24 20:00:03 UTC 2025
Commit made on Mon Aug 25 20:00:12 UTC 2025
Commit made on Tue Aug 26 20:00:06 UTC 2025
Commit made on Wed Aug 27 20:00:05 UTC 2025
Commit made on Thu Aug 28 20:00:02 UTC 2025
Commit made on Fri Aug 29 20:00:05 UTC 2025
Commit made on Sat Aug 30 19:59:58 UTC 2025
Commit made on Sun Aug 31 20:00:04 UTC 2025
Commit made on Mon Sep  1 19:59:58 UTC 2025
Commit made on Tue Sep  2 20:00:09 UTC 2025
Commit made on Wed Sep  3 20:00:00 UTC 2025
Commit made on Thu Sep  4 19:59:57 UTC 2025
Commit made on Fri Sep  5 20:00:09 UTC 2025
Commit made on Sat Sep  6 19:59:57 UTC 2025
Commit made on Sun Sep  7 20:00:10 UTC 2025
Commit made on Mon Sep  8 20:00:09 UTC 2025
Commit made on Tue Sep  9 20:00:11 UTC 2025
Commit made on Wed Sep 10 20:00:00 UTC 2025
Commit made on Thu Sep 11 19:59:57 UTC 2025
Commit made on Fri Sep 12 20:00:03 UTC 2025
Commit made on Sat Sep 13 20:00:02 UTC 2025
Commit made on Sun Sep 14 20:00:17 UTC 2025
Commit made on Mon Sep 15 20:00:05 UTC 2025
Commit made on Tue Sep 16 20:00:11 UTC 2025
Commit made on Wed Sep 17 20:00:10 UTC 2025
Commit made on Thu Sep 18 20:00:00 UTC 2025
Commit made on Fri Sep 19 20:00:09 UTC 2025
Commit made on Sat Sep 20 20:00:09 UTC 2025
Commit made on Sun Sep 21 20:00:02 UTC 2025
Commit made on Mon Sep 22 20:00:05 UTC 2025
Commit made on Tue Sep 23 19:59:59 UTC 2025
Commit made on Wed Sep 24 20:00:19 UTC 2025
Commit made on Thu Sep 25 20:00:06 UTC 2025
Commit made on Fri Sep 26 20:00:00 UTC 2025
Commit made on Sat Sep 27 19:59:58 UTC 2025
Commit made on Sun Sep 28 20:00:01 UTC 2025
Commit made on Mon Sep 29 20:00:03 UTC 2025
Commit made on Tue Sep 30 19:59:58 UTC 2025
Commit made on Wed Oct  1 20:00:04 UTC 2025
Commit made on Thu Oct  2 20:00:10 UTC 2025
Commit made on Fri Oct  3 20:00:16 UTC 2025
Commit made on Sat Oct  4 20:00:05 UTC 2025
Commit made on Sun Oct  5 20:00:10 UTC 2025
Commit made on Mon Oct  6 20:00:01 UTC 2025
Commit made on Tue Oct  7 20:00:04 UTC 2025
Commit made on Wed Oct  8 20:00:20 UTC 2025
Commit made on Thu Oct  9 19:59:57 UTC 2025
Commit made on Fri Oct 10 20:00:15 UTC 2025
Commit made on Sat Oct 11 20:00:11 UTC 2025
Commit made on Sun Oct 12 20:00:11 UTC 2025
Commit made on Mon Oct 13 19:59:57 UTC 2025
Commit made on Tue Oct 14 20:00:08 UTC 2025
Commit made on Wed Oct 15 20:00:14 UTC 2025
Commit made on Thu Oct 16 19:59:58 UTC 2025
Commit made on Fri Oct 17 20:00:04 UTC 2025
Commit made on Sat Oct 18 20:00:27 UTC 2025
Commit made on Sun Oct 19 20:00:25 UTC 2025
Commit made on Mon Oct 20 20:00:08 UTC 2025
Commit made on Tue Oct 21 20:00:09 UTC 2025
Commit made on Wed Oct 22 20:00:17 UTC 2025
Commit made on Thu Oct 23 20:00:09 UTC 2025
Commit made on Fri Oct 24 20:00:06 UTC 2025
Commit made on Sat Oct 25 20:00:06 UTC 2025
Commit made on Sun Oct 26 20:00:23 UTC 2025
Commit made on Mon Oct 27 20:00:06 UTC 2025
Commit made on Tue Oct 28 20:00:17 UTC 2025
Commit made on Wed Oct 29 20:00:18 UTC 2025
Commit made on Thu Oct 30 20:00:01 UTC 2025
Commit made on Fri Oct 31 20:00:27 UTC 2025
Commit made on Sat Nov  1 20:00:09 UTC 2025
Commit made on Sun Nov  2 19:59:58 UTC 2025
Commit made on Mon Nov  3 20:00:24 UTC 2025
Commit made on Tue Nov  4 20:00:07 UTC 2025
Commit made on Wed Nov  5 20:00:09 UTC 2025
Commit made on Thu Nov  6 20:00:11 UTC 2025
Commit made on Fri Nov  7 20:00:12 UTC 2025
Commit made on Sat Nov  8 19:59:58 UTC 2025
Commit made on Sun Nov  9 20:00:01 UTC 2025
Commit made on Mon Nov 10 20:00:05 UTC 2025
Commit made on Tue Nov 11 20:00:14 UTC 2025
Commit made on Wed Nov 12 19:59:58 UTC 2025
Commit made on Thu Nov 13 20:00:06 UTC 2025
